,zone_0,zone_1,zone_2,zone_3,zone_4,zone_5,zone_6,zone_7,zone_8,zone_9,zone_10,zone_11,zone_12,zone_13,zone_14,zone_15,zone_16,zone_17,zone_18,zone_19,zone_20
zone_0,44261,12496,8400,7056,4905,4468,14320,3184,8407,6212,5607,3208,3999,1240,3604,2085,2210,1405,857,2060,1252
zone_1,20174,46291,10220,4617,3807,2327,4707,2356,5026,5874,13697,13389,6758,1194,2470,1808,3715,1901,1015,1801,1096
zone_2,11024,8396,30886,12814,4187,2333,3666,2088,2200,1996,2392,1928,12135,7304,4301,2031,1647,2112,1768,2189,1160
zone_3,9048,3312,12345,43350,13158,4078,11072,3635,3201,2243,2340,1692,3659,3553,15251,3925,1369,1561,1586,4056,1582
zone_4,5595,2545,3715,11840,42466,17669,8573,11469,3820,2289,1901,1372,2395,1299,10648,9365,1388,1055,986,3101,2209
zone_5,7731,2446,3005,5587,27689,44567,16055,19114,9712,2474,1971,1198,2240,925,3787,4741,1206,986,745,2135,1535
zone_6,19258,3791,3524,10927,9760,11689,36647,5435,12500,3997,3034,1542,2170,1027,4046,2752,1289,885,715,2475,1204
zone_7,5586,2505,2849,5167,17617,19296,7650,128917,13890,2687,2317,1391,2529,1237,5658,17997,1535,1437,1131,3700,2596
zone_8,10357,3734,2044,3252,4435,7064,12396,10343,37765,12225,3926,1512,1577,685,2337,2104,1182,673,555,1765,903
zone_9,15146,8717,3797,4556,4974,3576,7482,3910,25049,98947,40979,4953,3118,1106,2456,2094,3199,1691,1061,1949,1395
zone_10,12349,18782,3781,4308,3697,2428,4914,2818,7161,37215,116596,20113,4265,1285,2558,1979,7524,2064,1141,2279,1376
zone_11,6523,17485,2997,2752,2448,1406,2424,1476,2596,4498,18760,49052,8154,966,1798,1267,12872,1924,787,1378,891
zone_12,8420,9064,18646,6214,4388,2720,3618,3053,2777,2686,3978,8306,101272,14593,4276,2657,5616,24179,7189,3636,1769
zone_13,2285,1359,10292,5401,2253,1019,1577,1343,1084,778,1044,891,13322,25918,7944,1351,655,3901,6223,4350,820
zone_14,6755,2783,6165,22935,17582,4064,6581,6120,3710,1860,2219,1637,3768,7720,73065,15231,1488,1867,2650,24873,3745
zone_15,3560,1918,2756,5439,14574,4652,3970,17601,2731,1498,1571,1081,2132,1125,14123,88879,1127,1424,1337,10842,10888
zone_16,5695,5990,3093,2881,3165,1781,2584,2233,2494,3261,8845,16049,7026,889,2013,1653,74370,6402,1394,1823,1167
zone_17,2549,2002,2703,2263,1642,1028,1310,1435,994,1182,1672,1586,19921,3559,1787,1464,4216,45697,14646,2135,942
zone_18,1533,1076,2142,2260,1527,768,1019,1180,838,747,914,689,6031,5954,2534,1432,897,15187,17865,9739,1153
zone_19,3131,1642,2628,5138,4192,1932,3474,3336,2574,1253,1587,1062,2770,3671,22522,10192,1156,2039,8512,67095,10352
zone_20,1101,611,856,1200,1914,842,972,1358,619,536,563,411,788,393,2025,6413,434,528,629,6426,21458
