,patch_0,patch_1,patch_2,patch_3,patch_4,patch_5,patch_6,patch_7,patch_8,patch_9,patch_10,patch_11,patch_12,patch_13,patch_14,patch_15,patch_16,patch_17,patch_18,patch_19,patch_20
patch_0,0.313,0.088,0.059,0.050,0.035,0.032,0.101,0.023,0.060,0.044,0.040,0.023,0.028,0.009,0.026,0.015,0.016,0.010,0.006,0.015,0.009
patch_1,0.131,0.300,0.066,0.030,0.025,0.015,0.031,0.015,0.033,0.038,0.089,0.087,0.044,0.008,0.016,0.012,0.024,0.012,0.007,0.012,0.007
patch_2,0.093,0.071,0.261,0.108,0.035,0.020,0.031,0.018,0.019,0.017,0.020,0.016,0.102,0.062,0.036,0.017,0.014,0.018,0.015,0.018,0.010
patch_3,0.062,0.023,0.085,0.297,0.090,0.028,0.076,0.025,0.022,0.015,0.016,0.012,0.025,0.024,0.104,0.027,0.009,0.011,0.011,0.028,0.011
patch_4,0.038,0.017,0.025,0.081,0.291,0.121,0.059,0.079,0.026,0.016,0.013,0.009,0.016,0.009,0.073,0.064,0.010,0.007,0.007,0.021,0.015
patch_5,0.048,0.015,0.019,0.035,0.173,0.279,0.100,0.120,0.061,0.015,0.012,0.007,0.014,0.006,0.024,0.030,0.008,0.006,0.005,0.013,0.010
patch_6,0.139,0.027,0.025,0.079,0.070,0.084,0.264,0.039,0.090,0.029,0.022,0.011,0.016,0.007,0.029,0.020,0.009,0.006,0.005,0.018,0.009
patch_7,0.023,0.010,0.012,0.021,0.071,0.078,0.031,0.520,0.056,0.011,0.009,0.006,0.010,0.005,0.023,0.073,0.006,0.006,0.005,0.015,0.010
patch_8,0.086,0.031,0.017,0.027,0.037,0.058,0.103,0.086,0.313,0.101,0.032,0.013,0.013,0.006,0.019,0.017,0.010,0.006,0.005,0.015,0.007
patch_9,0.063,0.036,0.016,0.019,0.021,0.015,0.031,0.016,0.104,0.412,0.171,0.021,0.013,0.005,0.010,0.009,0.013,0.007,0.004,0.008,0.006
patch_10,0.048,0.073,0.015,0.017,0.014,0.009,0.019,0.011,0.028,0.144,0.451,0.078,0.016,0.005,0.010,0.008,0.029,0.008,0.004,0.009,0.005
patch_11,0.046,0.123,0.021,0.019,0.017,0.010,0.017,0.010,0.018,0.032,0.132,0.344,0.057,0.007,0.013,0.009,0.090,0.014,0.006,0.010,0.006
patch_12,0.035,0.038,0.078,0.026,0.018,0.011,0.015,0.013,0.012,0.011,0.017,0.035,0.424,0.061,0.018,0.011,0.023,0.101,0.030,0.015,0.007
patch_13,0.024,0.014,0.110,0.058,0.024,0.011,0.017,0.014,0.012,0.008,0.011,0.009,0.142,0.276,0.085,0.014,0.007,0.042,0.066,0.046,0.009
patch_14,0.031,0.013,0.028,0.106,0.081,0.019,0.030,0.028,0.017,0.009,0.010,0.008,0.017,0.036,0.337,0.070,0.007,0.009,0.012,0.115,0.017
patch_15,0.018,0.010,0.014,0.028,0.075,0.024,0.021,0.091,0.014,0.008,0.008,0.006,0.011,0.006,0.073,0.460,0.006,0.007,0.007,0.056,0.056
patch_16,0.037,0.039,0.020,0.019,0.020,0.012,0.017,0.014,0.016,0.021,0.057,0.104,0.045,0.006,0.013,0.011,0.480,0.041,0.009,0.012,0.008
patch_17,0.022,0.017,0.024,0.020,0.014,0.009,0.011,0.013,0.009,0.010,0.015,0.014,0.174,0.031,0.016,0.013,0.037,0.398,0.128,0.019,0.008
patch_18,0.020,0.014,0.028,0.030,0.020,0.010,0.014,0.016,0.011,0.010,0.012,0.009,0.080,0.079,0.034,0.019,0.012,0.201,0.237,0.129,0.015
patch_19,0.020,0.010,0.016,0.032,0.026,0.012,0.022,0.021,0.016,0.008,0.010,0.007,0.017,0.023,0.141,0.064,0.007,0.013,0.053,0.419,0.065
patch_20,0.022,0.012,0.017,0.024,0.038,0.017,0.019,0.027,0.012,0.011,0.011,0.008,0.016,0.008,0.040,0.128,0.009,0.011,0.013,0.128,0.428
