id,name,population,lat,lon,group
0,CENTRO,141236,40.415347,-3.707371,3
1,ARGANZUELA,154243,40.402733,-3.695403,3
2,RETIRO,118557,40.408072,-3.676729,4
3,SALAMANCA,146016,40.43,-3.677778,4
4,CHAMARTIN,145700,40.453333,-3.6775,5
5,TETUAN,159849,40.460556,-3.7,1
6,CHAMBERI,138667,40.432792,-3.697186,3
7,FUENCARRAL,247692,40.478611,-3.709722,1
8,MONCLOA,120834,40.435151,-3.718765,1
9,LATINA,240155,40.402461,-3.741294,2
10,CARABANCHEL,258633,40.383669,-3.727989,2
11,USERA,142454,40.381336,-3.706856,3
12,PUENTE_DE_VALLECAS,239057,40.398204,-3.669059,4
13,MORATALAZ,93810,40.409869,-3.644436,4
14,CIUDAD_LINEAL,216818,40.453333,-3.65,5
15,HORTALEZA,193228,40.469457,-3.640482,5
16,VILLAVERDE,154808,40.345925,-3.709356,6
17,VILLA_DE_VALLECAS,114733,40.3796,-3.62135,6
18,VICALVARO,75485,40.4042,-3.60806,6
19,SAN_BLAS,160258,40.426001,-3.612764,6
20,BARAJAS,50077,40.470196,-3.58489,6
