agent_i,agent_j,tc_s
0,33,10
0,35,20
0,85,10
0,119,10
0,283,1410
0,249,30
0,275,20
0,129,9330
0,128,10
0,277,150
0,138,20
0,211,90
0,139,40
0,330,30
0,318,9250
0,311,30
0,280,1530
1,256,660
1,145,510
1,273,560
2,136,60
2,46,770
2,166,10
2,179,30
2,276,40
2,342,3910
2,294,70
2,304,10
2,19,70
2,238,240
2,161,10
2,237,10
2,7,20
2,17,220
2,357,1310
2,195,20
3,26,810
3,39,10
3,43,10
3,75,10
3,173,10
3,148,30
3,268,10
3,212,10
3,326,10
3,341,10
3,141,20
3,119,10
3,114,10
4,286,10
4,116,4820
4,71,20
4,87,10
4,154,6210
4,327,10
4,352,30
4,172,6300
5,339,120
5,21,20
5,146,260
5,91,70
5,140,80
5,134,20
5,115,10
5,165,40
5,36,30
5,191,200
5,350,90
5,241,20
5,230,2260
5,64,140
5,10,90
5,220,10
5,81,90
6,194,330
6,207,270
6,152,20
6,281,570
6,195,10
6,168,10
6,13,60
6,29,10
6,221,120
6,227,10
6,243,50
6,16,10
6,68,10
6,219,60
6,124,50
6,45,250
6,53,10
6,324,20
6,255,30
6,261,40
6,264,10
6,157,10
6,356,10
6,300,30
6,313,100
6,266,10
7,281,40
7,294,40
7,300,10
7,314,10
7,232,50
7,217,90
7,199,140
7,195,220
7,95,20
7,115,10
7,316,20
7,353,10
7,84,30
7,39,60
7,76,60
7,2,20
7,77,120
7,83,40
7,329,20
7,302,90
7,244,10
7,266,10
7,261,70
7,242,830
7,106,120
8,359,10
8,12,10
9,343,2030
9,40,90
9,118,30
9,117,40
9,151,90
9,126,10
9,235,20
9,187,20
9,239,6240
9,90,50
10,99,1970
10,81,9010
10,119,10
10,190,100
10,85,190
10,222,50
10,216,10
10,310,20
10,305,100
10,284,70
10,115,40
10,49,20
10,155,10
10,350,8650
10,311,20
10,274,10
10,230,130
10,5,90
10,277,30
12,21,30
12,15,10
12,26,40
12,8,10
12,251,10
12,278,10
12,282,10
12,343,10
12,134,30
12,143,30
12,149,10
12,156,10
12,164,10
12,120,10
12,126,10
12,132,10
12,79,10
12,202,10
12,239,50
12,250,10
12,183,10
12,169,10
12,176,10
12,182,10
12,56,10
12,34,10
12,70,10
13,86,130
13,189,10
13,124,770
13,141,10
13,168,80
13,16,10
13,23,90
13,45,50
13,68,40
13,6,60
13,221,130
13,227,10
13,321,10
13,356,30
13,291,40
13,313,160
13,219,5330
13,281,110
13,194,20
13,199,20
13,206,10
13,268,10
14,89,1270
14,74,40
14,119,220
14,322,50
14,312,120
14,274,70
14,351,1650
14,216,40
14,128,190
14,201,50
14,208,50
14,231,40
14,229,980
14,222,10
14,272,1190
14,58,20
14,33,30
14,35,100
14,49,10
14,109,10
15,12,10
15,282,10
15,228,10
15,187,10
15,250,60
15,317,10
15,307,70
15,182,20
15,47,4500
15,23,10
15,37,10
15,40,30
15,181,10
15,77,70
16,185,20
16,13,10
16,205,10
16,213,130
16,168,10
16,173,290
16,27,90
16,189,70
16,281,20
16,45,100
16,356,10
16,93,10
16,279,120
16,269,120
16,326,10
16,321,10
16,23,10
16,266,10
16,6,10
17,136,2140
17,19,180
17,342,240
17,238,2650
17,286,10
17,2,220
17,294,20
17,96,10
18,306,10
18,359,10
18,99,100
18,271,30
18,173,30
19,238,110
19,17,180
19,52,70
19,57,10
19,69,10
19,87,20
19,46,60
19,179,10
19,175,40
19,163,10
19,304,20
19,244,10
19,2,70
19,95,20
19,136,160
19,96,10
19,115,20
19,186,20
19,220,10
19,281,20
19,294,80
19,270,70
19,342,80
19,276,10
19,324,10
20,122,1430
20,262,10
20,326,10
20,286,10
20,337,550
20,160,10
20,63,90
20,119,10
21,79,20
21,5,20
21,91,230
21,156,20
21,134,9300
21,12,30
21,328,130
22,349,210
22,274,30
22,265,10
22,332,20
22,322,20
22,312,10
22,296,120
22,290,10
22,286,30
22,334,10
22,33,40
22,53,30
22,49,40
22,208,10
22,67,30
22,119,20
22,128,70
22,201,50
22,28,10
22,35,20
22,30,50
22,37,30
22,121,20
22,216,30
22,210,180
22,209,20
22,222,10
22,253,10
22,241,10
22,236,50
23,53,20
23,194,70
23,206,30
23,76,40
23,292,10
23,29,10
23,45,10
23,326,10
23,205,20
23,16,10
23,13,90
23,15,10
23,227,20
23,324,10
23,294,20
23,321,50
23,279,10
23,269,10
23,261,60
24,223,10
24,119,10
24,127,20
24,138,870
24,209,20
24,211,710
24,139,260
24,171,4030
24,266,10
24,217,30
24,252,30
24,254,30
24,340,130
24,265,10
24,338,20
25,316,80
25,57,960
25,266,10
25,183,10
25,178,80
25,175,40
25,177,50
25,107,40
25,130,80
25,355,40
25,324,30
25,237,30
25,246,10
25,152,20
25,166,10
25,69,20
26,12,40
26,212,10
26,335,1650
26,43,10
26,105,1670
26,347,30
26,341,20
26,3,810
27,205,60
27,292,260
27,86,10
27,148,300
27,185,4140
27,298,750
27,291,20
27,264,30
27,164,20
27,141,190
27,45,10
27,173,10
27,153,10
27,213,10
27,206,10
27,16,90
27,233,80
27,313,90
27,321,150
27,219,10
27,227,150
27,269,80
27,268,10
27,266,30
27,279,90
28,85,130
28,119,10
28,203,10
28,133,5510
28,49,320
28,289,10
28,322,50
28,349,20
28,216,190
28,222,90
28,231,10
28,208,310
28,236,40
28,22,10
28,190,50
28,245,80
28,58,70
28,253,110
28,263,110
28,274,30
28,284,130
28,142,40
29,59,10
29,315,7250
29,298,90
29,279,20
29,266,10
29,269,10
29,321,10
29,242,20
29,65,140
29,353,10
29,205,150
29,194,10
29,114,30
29,106,5010
29,23,10
29,6,10
29,38,140
30,349,10
30,99,60
30,58,90
30,49,110
30,201,10
30,22,50
30,263,20
30,203,70
30,296,340
30,322,100
30,289,30
30,133,160
30,312,10
30,334,30
30,333,10
30,253,70
30,208,140
30,274,20
30,209,30
30,216,200
30,222,30
30,265,10
30,35,160
31,280,10
31,247,10
31,60,3620
31,160,740
31,139,10
31,129,30
31,123,10020
31,119,10
31,217,10
31,232,40
31,340,10
31,361,12380
31,338,10
31,318,10
31,302,40
31,198,11360
31,97,8260
31,83,50
31,249,10
32,137,10
32,170,40
32,107,30
32,111,10
32,50,4880
32,101,20
33,209,20
33,208,30
33,245,110
33,240,10
33,203,10
33,201,20
33,190,110
33,155,60
33,142,30
33,133,30
33,222,470
33,218,20
33,236,120
33,231,40
33,216,20
33,210,10
33,330,20
33,332,50
33,349,70
33,344,60
33,0,10
33,280,10
33,284,50
33,287,10
33,289,10
33,290,10
33,305,20
33,301,120
33,312,10
33,322,40
33,333,90
33,334,30
33,14,30
33,296,10
33,22,40
33,128,110
33,249,10
33,253,50
33,263,40
33,265,20
33,272,30
33,274,740
33,35,80
33,37,40
33,49,30
33,58,50
33,61,30
33,74,30
33,85,50
33,81,10
33,121,80
34,12,10
34,286,10
34,291,10
34,257,650
34,269,10
34,228,120
34,62,10
34,295,150
34,341,4700
34,348,10
34,359,10
34,298,40
34,200,30
34,321,30
34,323,30
34,336,20
35,49,10
35,30,160
35,33,80
35,210,10
35,231,130
35,209,80
35,349,130
35,274,180
35,290,50
35,272,2770
35,121,140
35,119,10
35,67,40
35,51,10
35,301,90
35,222,130
35,14,100
35,201,60
35,22,20
35,265,50
35,128,250
35,0,20
35,245,150
35,333,110
35,332,130
35,312,230
35,344,20
36,230,120
36,165,60
36,64,80
36,113,650
36,241,50
36,271,10
36,310,10
36,155,20
36,146,60
36,140,170
36,120,10
36,266,10
36,5,30
36,251,10
37,312,10
37,332,40
37,334,50
37,333,40
37,351,20
37,274,40
37,344,60
37,290,30
37,322,30
37,265,20
37,253,10
37,250,20
37,286,10
37,284,10
37,74,10
37,58,110
37,49,20
37,47,10
37,158,20
37,126,10
37,122,10
37,121,40
37,167,10
37,197,20
37,201,10
37,204,10
37,222,30
37,208,30
37,33,40
37,22,30
37,15,10
38,148,1070
38,106,160
38,212,110
38,65,4280
38,153,10
38,205,400
38,315,30
38,29,140
39,71,20
39,227,10
39,3,10
39,267,10
39,242,1100
39,205,10
39,80,1220
39,7,60
39,76,130
39,68,10
39,159,1220
39,124,650
39,106,140
39,86,10
39,206,50
39,319,10
39,293,10
39,292,10
39,281,30
39,199,70
39,195,60
40,336,410
40,343,30
40,345,400
40,348,30
40,131,10
40,126,30
40,118,10
40,9,90
40,151,10
40,132,10
40,158,10
40,187,30
40,183,210
40,182,40
40,181,10
40,174,170
40,224,90
40,225,10
40,44,830
40,47,90
40,62,30
40,188,80
40,202,20
40,15,30
40,320,10
40,317,130
40,309,30
40,307,910
40,223,110
40,90,50
40,70,10
40,77,10
40,282,10
40,278,10
40,250,1450
40,239,90
40,117,20
40,102,40
41,320,470
41,100,10
41,54,20
41,131,1290
41,126,1190
41,143,10
41,188,40
41,251,3300
41,59,60
41,70,1910
41,183,50
42,176,2930
42,314,2830
42,184,10
42,136,10
42,130,30
42,357,20
42,111,10
42,107,40
42,50,50
43,295,10
43,319,10
43,62,20
43,26,10
43,341,30
43,348,20
43,264,10
43,3,10
44,295,10
44,250,780
44,345,950
44,336,1000
44,224,30
44,212,10
44,297,10
44,40,830
44,307,90
45,53,30
45,124,40
45,185,10
45,86,90
45,141,10
45,268,10
45,266,10
45,221,30
45,279,10
45,23,10
45,281,90
45,321,10
45,27,10
45,219,20
45,16,100
45,6,250
45,13,50
45,189,10
45,194,40
46,179,30
46,186,60
46,324,20
46,357,2070
46,342,1200
46,329,10
46,52,380
46,130,30
46,176,10
46,175,60
46,270,180
46,276,480
46,294,80
46,178,10
46,19,60
46,115,10
46,69,70
46,96,70
46,2,770
46,244,20
46,237,100
47,37,10
47,73,10
47,225,10
47,188,60
47,187,10
47,228,10
47,307,60
47,250,40
47,282,10
47,183,40
47,77,20
47,181,60
47,149,20
47,40,90
47,15,4500
48,60,10
48,166,10
48,195,10
48,213,10
48,247,1400
48,249,40
48,267,3610
48,330,10
48,275,10
48,358,3130
48,308,2170
49,119,40
49,14,10
49,22,40
49,28,320
49,10,20
49,231,10
49,222,20
49,216,1200
49,234,30
49,274,40
49,236,180
49,253,130
49,263,100
49,30,110
49,290,10
49,289,70
49,33,30
49,210,10
49,203,50
49,208,2360
49,322,660
49,190,130
49,142,10
49,133,380
49,201,40
49,125,10
49,334,20
49,333,10
49,332,10
49,85,10
49,74,20
49,61,10
49,58,1590
49,349,20
49,344,10
49,37,20
49,35,10
49,53,10
50,32,4880
50,87,10
50,60,20
50,101,280
50,314,40
50,42,50
50,176,50
50,111,10
50,107,30
50,170,40
50,266,10
51,222,20
51,53,390
51,283,10
51,35,10
51,110,10
51,121,10
51,209,110
51,265,370
51,334,10
51,263,10
51,258,20
51,301,10
51,272,10
52,46,380
52,108,10
52,276,6360
52,270,3490
52,353,240
52,357,540
52,342,30
52,294,90
52,244,10
52,96,270
52,175,130
52,237,670
52,57,20
52,186,400
52,19,70
53,236,20
53,274,20
53,277,50
53,245,40
53,234,10
53,258,120
53,322,10
53,332,10
53,237,10
53,352,10
53,349,110
53,344,20
53,51,390
53,49,10
53,23,20
53,45,30
53,333,10
53,220,20
53,184,10
53,6,10
53,194,20
53,208,20
53,210,10
53,205,60
53,104,20
53,110,20
53,111,10
53,124,40
53,121,60
53,177,10
53,108,10
53,109,10
53,89,20
53,22,30
53,201,10
53,279,90
53,289,40
53,290,20
53,298,10
53,301,20
53,222,40
53,231,10
53,266,10
53,82,20
53,263,850
53,66,20
53,61,20
53,219,10
53,67,10
53,142,10
53,128,280
53,137,10
53,141,10
53,315,10
53,168,10
53,312,20
54,288,10
54,192,10
54,73,20
54,41,20
54,59,4100
54,149,190
54,251,270
54,132,10
54,271,10
54,72,7550
54,320,10
55,78,180
55,180,6520
55,262,50
55,272,20
55,346,6670
55,340,10
55,286,30
55,360,5900
55,352,70
55,247,20
55,137,20
55,60,20
55,139,10
55,170,1390
56,12,10
56,251,10
56,174,20
56,115,20
56,311,10
56,306,30
56,328,1790
56,134,10
56,192,90
56,220,10
56,260,40
56,225,30
56,156,1200
56,149,20
56,146,10
56,223,20
56,70,10
56,79,1900
57,186,30
57,166,20
57,175,40
57,163,10
57,304,10
57,177,50
57,25,960
57,19,10
57,88,10
57,237,10
57,52,20
58,85,40
58,119,70
58,263,30
58,37,110
58,133,10
58,312,60
58,49,1590
58,33,50
58,30,90
58,344,20
58,333,30
58,332,10
58,216,890
58,290,10
58,289,20
58,274,50
58,286,10
58,245,20
58,210,30
58,266,10
58,322,600
58,190,180
58,253,80
58,234,10
58,229,10
58,222,30
58,236,330
58,14,20
58,128,20
58,208,1110
58,201,80
58,121,90
58,28,70
58,203,70
59,91,10
59,135,10
59,120,30
59,29,10
59,315,10
59,225,20
59,54,4100
59,41,60
59,271,10
59,183,30
59,213,10
59,251,160
59,106,10
59,149,210
59,72,4180
59,70,60
60,259,30
60,123,2870
60,48,10
60,55,20
60,50,20
60,346,40
60,330,10
60,360,30
60,361,4220
60,198,3900
60,180,20
60,249,20
60,247,20
60,170,160
60,160,310
60,272,10
60,97,4150
60,31,3620
61,208,10
61,74,6960
61,99,320
61,286,10
61,322,10
61,334,310
61,119,20
61,53,20
61,216,10
61,240,70
61,263,20
61,49,10
61,33,30
62,228,30
62,224,60
62,295,30
62,297,10
62,250,90
62,268,10
62,336,50
62,307,10
62,34,10
62,40,30
62,341,30
62,359,40
62,43,20
62,323,30
62,212,20
62,87,10
63,318,60
63,337,20
63,280,60
63,340,30
63,87,10
63,139,30
63,20,90
64,192,10
64,230,10
64,241,20
64,277,20
64,165,960
64,140,280
64,146,590
64,5,140
64,91,30
64,113,160
64,94,710
64,99,10
64,36,80
64,73,70
65,129,10
65,106,160
65,29,140
65,205,400
65,148,70
65,212,190
65,301,10
65,38,4280
65,330,10
65,315,30
65,291,50
66,210,150
66,190,90
66,53,20
66,245,40
66,67,270
66,104,9210
66,82,10730
66,110,9930
67,231,310
67,258,10
67,22,30
67,35,40
67,274,40
67,66,270
67,289,200
67,277,10
67,312,30
67,290,10
67,234,20
67,210,30
67,203,170
67,178,10
67,263,30
67,104,250
67,110,220
67,133,10
67,53,10
67,272,30
67,173,10
67,82,390
67,161,10
67,121,10
67,142,20
67,128,50
68,219,120
68,6,10
68,133,660
68,13,40
68,92,10
68,221,20
68,168,2970
68,39,10
68,331,5840
68,293,10
68,281,10
68,356,5280
68,86,20
69,244,110
69,266,10
69,46,70
69,357,30
69,95,40
69,87,10
69,19,10
69,25,20
69,329,160
69,324,2650
69,316,2130
69,178,3260
69,184,20
69,108,10
69,177,10
69,130,50
69,194,20
69,195,10
69,220,30
69,314,260
70,251,2520
70,320,230
70,165,20
70,120,220
70,143,10
70,73,70
70,192,100
70,41,1910
70,56,10
70,12,10
70,40,10
70,59,60
70,149,10
71,346,10
71,39,20
71,184,10
71,4,20
71,170,10
72,251,230
72,54,7550
72,221,10
72,59,4180
72,149,170
72,120,20
73,91,6120
73,241,270
73,113,210
73,140,20
73,47,10
73,54,20
73,64,70
73,271,10
73,339,160
73,334,20
73,165,80
73,146,2180
73,94,10
73,70,70
73,191,1820
73,192,40
74,274,10
74,286,30
74,240,110
74,245,10
74,305,10
74,99,270
74,201,20
74,190,10
74,49,20
74,61,6960
74,128,10
74,167,40
74,14,40
74,37,10
74,33,30
74,334,190
74,310,20
74,119,20
75,291,450
75,213,40
75,153,770
75,141,20
75,281,60
75,347,10
75,205,100
75,164,410
75,148,10
75,3,10
76,355,10
76,159,620
76,92,10
76,80,620
76,259,10
76,261,3320
76,242,240
76,7,60
76,194,10
76,199,40
76,243,80
76,39,130
76,23,40
76,313,60
76,300,50
76,294,30
77,47,20
77,299,40
77,224,10
77,15,70
77,261,10
77,183,10
77,168,10
77,40,10
77,239,10
77,199,60
77,7,120
78,55,180
78,180,50
78,352,40
78,346,40
78,170,10
78,87,30
78,360,100
78,327,90
78,204,10
79,12,10
79,165,30
79,328,1550
79,284,10
79,225,10
79,56,1900
79,85,20
79,156,2140
79,134,30
79,21,20
80,76,620
80,39,1220
80,291,10
80,281,30
80,242,120
80,92,350
80,199,100
80,159,13220
80,86,10
80,313,90
80,286,10
81,155,10
81,222,40
81,310,10
81,115,10
81,99,1970
81,119,10
81,190,20
81,5,90
81,10,9010
81,33,10
81,277,20
81,284,30
81,311,30
81,334,10
81,240,10
81,350,9210
81,230,150
81,274,30
81,305,50
82,259,30
82,263,20
82,245,40
82,53,20
82,210,290
82,190,90
82,135,10
82,110,9740
82,104,8720
82,67,390
82,66,10730
83,31,50
83,7,40
83,308,30
83,302,11110
83,293,50
83,247,30
83,246,40
83,232,7770
83,355,1590
83,316,20
83,130,40
83,143,170
83,172,20
83,195,10
83,198,40
83,217,7860
83,97,10
83,361,40
83,111,10
83,123,40
84,294,20
84,106,10
84,7,30
84,199,20
85,249,20
85,253,140
85,274,130
85,284,9720
85,312,30
85,33,50
85,28,130
85,79,20
85,190,130
85,203,60
85,222,80
85,216,50
85,119,10
85,133,150
85,10,190
85,0,10
85,58,40
85,49,10
85,318,10
85,350,110
85,322,40
86,92,10
86,106,20
86,114,10
86,124,50
86,159,10
86,168,20
86,173,10
86,321,40
86,356,10
86,13,130
86,27,10
86,199,470
86,80,10
86,68,20
86,313,30
86,189,20
86,219,210
86,205,50
86,303,50
86,195,20
86,221,80
86,242,10
86,243,10
86,261,10
86,281,10
86,279,10
86,268,30
86,266,30
86,185,20
86,315,10
86,45,90
86,39,10
87,19,20
87,314,10
87,256,90
87,226,90
87,204,10
87,184,10
87,63,10
87,78,30
87,69,10
87,50,10
87,62,10
87,111,20
87,88,20
87,107,10
87,316,10
87,136,10
87,275,50
87,273,20
87,4,10
87,338,40
87,352,10
87,327,50
87,177,10
87,170,10
87,147,20
87,143,10
87,330,20
87,108,10
88,316,10
88,246,70
88,175,10
88,161,20
88,152,130
88,143,30
88,108,650
88,177,340
88,57,10
88,87,20
88,184,340
88,326,10
88,221,10
88,355,20
88,186,10
89,53,20
89,247,10
89,231,190
89,229,640
89,201,40
89,14,1270
89,208,10
89,349,110
89,351,3190
89,308,10
89,272,90
89,266,10
89,312,60
90,260,20
90,317,10
90,343,20
90,239,60
90,224,20
90,151,110
90,9,50
90,250,20
90,132,10
90,307,20
90,40,50
90,187,3880
90,117,60
90,181,10
90,282,70
91,59,10
91,64,30
91,146,2370
91,5,70
91,334,20
91,192,10
91,134,230
91,191,1860
91,230,20
91,21,230
91,225,10
91,339,80
91,350,10
91,73,6120
92,279,30
92,130,10
92,195,30
92,321,10
92,268,20
92,207,70
92,261,20
92,159,310
92,86,10
92,68,10
92,141,10
92,76,10
92,80,350
93,255,280
93,264,20
93,194,30
93,221,40
93,281,50
93,205,10
93,193,3680
93,173,10
93,157,220
93,114,300
93,292,60
93,233,70
93,227,70
93,16,10
93,213,80
93,279,80
93,321,100
94,271,3110
94,306,230
94,64,710
94,73,10
94,359,190
94,140,60
95,166,20
95,19,20
95,163,10
95,7,20
95,136,20
95,109,30
95,178,30
95,314,40
95,244,7030
95,329,7580
95,357,40
95,238,10
95,275,40
95,69,40
96,17,10
96,52,270
96,46,70
96,175,370
96,237,260
96,276,440
96,19,10
96,357,50
96,179,40
96,186,6160
96,270,70
96,294,20
97,83,10
97,31,8260
97,247,10
97,249,10
97,60,4150
97,217,40
97,232,10
97,123,7050
97,160,1030
97,275,10
97,361,9200
97,318,10
97,302,10
97,198,9230
98,204,10
98,266,10
98,311,50
98,240,40
98,277,40
98,334,30
98,167,9290
98,218,8640
98,109,10
98,354,210
99,10,1970
99,277,40
99,30,60
99,18,100
99,61,320
99,339,10
99,64,10
99,74,270
99,81,1970
99,240,10
99,162,10
99,286,10
99,310,30
99,230,10
99,334,60
99,350,1970
99,253,30
99,311,50
100,169,6060
100,118,30
100,41,10
100,250,90
100,317,30
100,224,40
100,117,20
100,239,70
100,187,30
100,307,10
100,151,20
100,343,70
101,32,20
101,50,280
101,130,10
101,107,30
101,267,270
101,248,10
101,176,40
101,170,10
101,266,100
101,327,10
101,286,20
101,346,10
102,307,20
102,40,40
102,278,880
102,182,750
102,143,10
102,132,740
102,118,50
102,187,100
102,250,30
102,257,20
102,200,30
102,224,20
102,282,500
102,202,850
102,151,30
103,151,3630
103,250,40
103,297,80
103,158,80
103,105,20
103,317,40
103,309,220
104,240,30
104,245,40
104,82,8720
104,66,9210
104,210,200
104,110,9950
104,67,250
104,53,20
104,259,30
104,190,90
105,103,20
105,326,970
105,323,80
105,335,5210
105,26,1670
105,295,300
105,307,10
105,148,10
105,196,170
105,336,30
106,315,5020
106,195,10
106,266,10
106,242,20
106,205,150
106,221,10
106,29,5010
106,39,140
106,7,120
106,38,160
106,353,10
106,114,10
106,157,10
106,124,220
106,65,160
106,84,10
106,86,20
106,59,10
106,199,100
106,291,10
106,194,30
107,238,20
107,50,30
107,32,30
107,25,40
107,87,10
107,101,30
107,186,40
107,136,10
107,286,10
107,42,40
107,166,10
107,176,10
107,314,40
107,170,10
107,249,10
108,178,10
108,314,10
108,87,10
108,69,10
108,88,650
108,184,4890
108,220,10
108,304,10
108,358,10
108,177,4810
108,357,10
108,143,20
108,152,150
108,175,130
108,267,10
108,136,40
108,53,10
108,52,10
109,264,50
109,254,20
109,150,20
109,14,10
109,349,10
109,354,10
109,329,30
109,209,10
109,311,10
109,252,100
109,244,30
109,98,10
109,53,10
109,95,30
109,218,10
109,240,10
109,167,10
109,208,20
109,265,20
109,135,160
110,190,90
110,259,10
110,210,190
110,51,10
110,67,220
110,82,9740
110,66,9930
110,245,40
110,104,9950
110,53,20
110,173,10
111,258,10
111,286,10
111,302,20
111,266,10
111,50,10
111,330,20
111,327,120
111,324,10
111,137,20
111,160,20
111,32,10
111,314,10
111,178,10
111,249,20
111,232,30
111,217,10
111,316,10
111,83,10
111,338,30
111,42,10
111,87,20
111,53,10
112,334,10
112,285,9320
113,36,650
113,165,230
113,140,1490
113,230,50
113,306,20
113,192,10
113,146,10
113,73,210
113,64,160
114,93,300
114,86,10
114,106,10
114,148,290
114,3,10
114,119,10
114,281,100
114,264,100
114,255,5580
114,205,10
114,29,30
114,157,3560
114,194,90
114,141,10
115,155,20
115,230,10
115,19,20
115,152,10
115,7,10
115,5,10
115,10,40
115,161,10
115,162,50
115,163,260
115,178,10
115,191,20
115,305,10
115,310,20
115,277,120
115,287,10
115,357,10
115,354,30
115,46,10
115,350,10
115,220,150
115,81,10
115,56,20
116,352,30
116,286,10
116,172,5950
116,154,7090
116,4,4820
117,100,20
117,90,60
117,257,30
117,286,10
117,169,20
117,40,20
117,151,370
117,309,20
117,307,70
117,343,20
117,126,40
117,187,560
117,250,30
117,239,10
117,9,40
118,102,50
118,100,30
118,151,10
118,202,20
118,282,20
118,278,20
118,257,10
118,182,20
118,40,10
118,9,30
119,318,10
119,327,10
119,22,20
119,49,40
119,272,10
119,265,10
119,35,10
119,274,10
119,280,10
119,20,10
119,190,20
119,201,20
119,204,10
119,81,10
119,337,10
119,333,30
119,344,20
119,216,20
119,208,10
119,58,70
119,24,10
119,210,10
119,249,10
119,252,10
119,234,10
119,310,10
119,14,220
119,254,10
119,332,10
119,10,10
119,305,10
119,354,10
119,350,10
119,322,10
119,28,10
119,150,10
119,85,10
119,74,20
119,142,10
119,155,10
119,0,10
119,3,10
119,290,30
119,289,10
119,180,10
119,178,10
119,301,20
119,122,20
119,283,10
119,284,20
119,31,10
119,171,10
119,173,10
119,61,20
119,143,10
119,114,10
120,72,20
120,70,220
120,36,10
120,320,100
120,59,30
120,251,10
120,282,10
120,12,10
121,245,70
121,290,5860
121,344,6890
121,333,6910
121,332,6770
121,33,80
121,274,200
121,252,40
121,349,40
121,37,40
121,22,20
121,35,140
121,67,10
121,128,230
121,173,10
121,301,20
121,312,70
121,322,140
121,210,30
121,231,50
121,222,60
121,216,40
121,208,10
121,209,10
121,201,20
121,51,10
121,150,10
121,133,30
121,53,60
121,58,90
122,262,630
122,119,20
122,37,10
122,20,1430
122,248,170
122,258,10
122,286,10
123,83,40
123,361,10310
123,60,2870
123,302,40
123,217,10
123,97,7050
123,198,9910
123,31,10020
123,160,980
123,249,10
123,232,40
123,247,10
124,227,10
124,13,770
124,45,40
124,269,10
124,264,10
124,86,50
124,221,80
124,219,610
124,199,170
124,53,40
124,279,20
124,293,20
124,106,220
124,321,10
124,303,10
124,39,650
124,356,50
124,292,10
124,168,50
124,185,10
124,194,30
124,281,30
124,6,50
125,142,10
125,305,90
125,49,10
125,234,10
125,286,50
125,311,370
125,240,570
125,220,10
126,343,60
126,317,20
126,183,50
126,173,10
126,224,20
126,188,90
126,271,40
126,250,10
126,37,10
126,307,10
126,40,30
126,117,40
126,9,10
126,41,1190
126,131,6180
126,12,10
126,143,40
127,312,20
127,231,50
127,208,10
127,338,180
127,337,50
127,142,20
127,265,30
127,263,10
127,254,200
127,24,20
127,192,10
128,222,120
128,344,140
128,216,10
128,241,30
128,22,70
128,33,110
128,58,20
128,121,230
128,67,50
128,74,10
128,35,250
128,210,110
128,322,30
128,0,10
128,201,40
128,208,60
128,349,140
128,333,570
128,274,170
128,290,10
128,301,290
128,209,40
128,312,40
128,245,750
128,53,280
128,14,190
128,272,70
128,332,260
128,168,10
129,65,10
129,31,30
129,249,30
129,139,20
129,330,30
129,0,9330
129,138,20
129,311,10
129,275,20
129,283,1590
129,318,9520
129,340,30
129,211,90
129,277,160
129,280,1560
130,314,70
130,321,10
130,152,140
130,161,30
130,163,30
130,42,30
130,25,80
130,92,10
130,83,40
130,69,50
130,176,10
130,170,10
130,46,30
130,338,70
130,324,30
130,329,10
130,246,40
130,267,10
130,279,10
130,232,30
130,101,10
130,316,140
130,302,50
130,178,60
130,217,70
131,151,10
131,173,10
131,143,20
131,41,1290
131,307,30
131,188,80
131,183,10
131,317,20
131,126,6180
131,320,80
131,40,10
132,90,10
132,54,10
132,282,2720
132,307,10
132,151,60
132,102,740
132,317,10
132,325,30
132,40,10
132,187,30
132,260,10
132,278,5490
132,12,10
132,257,10
132,197,40
132,182,3320
132,250,20
132,228,10
132,224,50
132,202,5550
133,49,380
133,322,200
133,290,30
133,312,10
133,67,10
133,284,150
133,274,50
133,58,10
133,68,660
133,254,20
133,272,10
133,265,20
133,30,160
133,33,30
133,28,5510
133,85,150
133,263,120
133,135,10
133,356,930
133,209,20
133,211,30
133,216,190
133,222,50
133,249,20
133,252,20
133,121,30
133,331,1500
133,332,40
133,208,290
133,201,10
133,171,10
133,147,10
133,333,30
133,338,30
133,344,30
133,253,90
134,79,30
134,21,9300
134,156,140
134,328,130
134,56,10
134,241,10
134,12,30
134,91,230
134,5,20
135,272,10
135,254,20
135,133,10
135,273,10
135,109,160
135,234,10
135,240,10
135,82,10
135,192,10
135,150,20
135,145,10
135,165,10
135,209,10
135,59,10
136,286,10
136,238,2310
136,42,10
136,95,20
136,342,50
136,17,2140
136,19,160
136,294,40
136,107,10
136,87,10
136,272,20
136,108,40
136,2,60
137,55,20
137,53,10
137,327,120
137,160,150
137,286,10
137,111,20
137,346,30
137,32,10
137,360,10
138,338,40
138,0,20
138,129,20
138,24,870
138,283,120
138,211,460
138,171,1190
138,280,10
138,318,20
138,139,100
138,217,20
138,340,150
139,24,260
139,180,20
139,308,180
139,129,20
139,138,100
139,247,80
139,211,140
139,63,30
139,55,10
139,31,10
139,171,180
139,144,10
139,338,10
139,0,40
139,318,20
139,280,30
139,340,3870
139,283,130
140,64,280
140,266,10
140,192,20
140,165,440
140,241,20
140,73,20
140,94,60
140,113,1490
140,5,80
140,359,10
140,272,10
140,36,170
140,146,30
140,230,150
141,53,10
141,75,20
141,45,10
141,279,50
141,268,1610
141,13,10
141,114,10
141,92,10
141,27,190
141,315,10
141,321,20
141,298,420
141,291,20
141,173,110
141,3,20
141,269,20
141,148,120
141,213,20
141,185,60
142,234,7490
142,49,10
142,236,100
142,203,170
142,125,10
142,127,20
142,119,10
142,266,10
142,67,20
142,33,30
142,146,10
142,208,10
142,53,10
142,201,20
142,28,40
142,173,70
142,272,10
142,274,20
142,322,40
142,312,30
142,289,90
143,184,50
143,177,20
143,302,170
143,149,10
143,246,10
143,251,10
143,232,140
143,239,10
143,152,10
143,355,60
143,217,170
143,131,20
143,102,10
143,87,10
143,70,10
143,83,170
143,41,10
143,88,30
143,108,20
143,169,20
143,126,40
143,343,30
143,324,10
143,119,10
143,12,30
144,139,10
144,211,90
145,256,3170
145,209,10
145,1,510
145,150,30
145,135,10
145,273,3940
145,258,120
146,113,10
146,56,10
146,36,60
146,156,10
146,165,20
146,64,590
146,73,2180
146,142,10
146,91,2370
146,140,30
146,291,50
146,230,40
146,191,750
146,192,90
146,203,10
146,234,10
146,339,30
146,5,260
147,87,20
147,133,10
147,150,290
148,38,1070
148,27,300
148,75,10
148,65,70
148,105,10
148,326,50
148,335,60
148,321,110
148,298,60
148,295,50
148,315,10
148,292,40
148,268,20
148,266,50
148,141,120
148,114,290
148,291,10
148,279,70
148,157,10
148,173,10
148,255,10
148,213,10
148,227,20
148,233,90
148,212,20
148,185,140
148,3,30
149,156,10
149,165,10
149,225,30
149,250,30
149,12,10
149,72,170
149,70,10
149,59,210
149,56,20
149,54,190
149,47,20
149,143,10
149,260,50
149,328,20
150,121,10
150,109,20
150,147,290
150,135,20
150,119,10
150,145,30
150,333,10
150,332,10
150,349,10
150,344,30
150,265,390
150,290,10
150,245,10
150,254,10
150,209,340
150,208,10
150,201,40
151,202,80
151,187,100
151,182,60
151,158,90
151,40,10
151,131,10
151,103,3630
151,102,30
151,90,110
151,118,10
151,282,60
151,297,10
151,317,30
151,132,60
151,309,560
151,100,20
151,307,20
151,9,90
151,224,10
151,239,50
151,278,60
151,257,10
151,250,30
151,117,370
152,237,10
152,143,10
152,88,130
152,342,40
152,294,20
152,25,20
152,201,10
152,163,20
152,355,20
152,259,10
152,6,20
152,115,10
152,130,140
152,108,150
152,281,20
152,293,10
152,246,1180
152,217,10
152,175,10
152,161,250
152,177,170
152,178,10
153,75,770
153,27,10
153,38,10
153,293,70
153,268,30
153,263,160
153,281,60
153,164,8490
153,241,10
154,4,6210
154,116,7090
154,172,7020
154,286,20
154,204,10
154,352,30
155,287,50
155,274,80
155,222,10
155,334,80
155,339,10
155,311,130
155,10,10
155,33,60
155,115,20
155,240,110
155,305,3770
155,163,30
155,230,120
155,36,20
155,81,10
155,350,10
155,162,70
155,220,40
155,310,5130
155,119,10
156,79,2140
156,56,1200
156,149,10
156,134,140
156,284,20
156,328,830
156,146,10
156,21,20
156,12,10
157,205,10
157,194,80
157,114,3560
157,106,10
157,6,10
157,233,70
157,313,50
157,264,90
157,93,220
157,148,10
157,193,10
157,255,3210
158,336,10
158,323,30
158,196,530
158,345,50
158,40,10
158,103,80
158,326,30
158,317,280
158,151,90
158,309,10
158,37,20
159,242,120
159,92,310
159,281,30
159,199,80
159,80,13220
159,39,1220
159,291,10
159,286,10
159,313,90
159,76,620
159,86,10
160,31,740
160,20,10
160,352,10
160,198,870
160,360,10
160,361,900
160,137,150
160,172,20
160,247,20
160,97,1030
160,60,310
160,111,20
160,123,980
160,327,140
160,286,10
161,194,20
161,176,20
161,201,10
161,220,10
161,88,20
161,342,10
161,355,50
161,152,250
161,163,30
161,217,10
161,67,10
161,177,10
161,2,10
161,184,10
161,281,10
161,246,380
161,259,10
161,115,10
161,243,20
161,237,10
161,130,30
162,240,30
162,287,1900
162,220,60
162,99,10
162,115,50
162,163,20
162,155,70
162,305,80
162,275,20
162,253,40
162,311,50
162,310,110
163,130,30
163,155,30
163,57,10
163,115,260
163,177,10
163,214,20
163,246,20
163,287,10
163,284,20
163,310,40
163,305,30
163,19,10
163,349,10
163,259,10
163,357,20
163,95,10
163,152,20
163,220,100
163,162,20
163,161,30
164,315,10
164,268,10
164,298,10
164,185,20
164,263,140
164,293,70
164,281,60
164,153,8490
164,75,410
164,27,20
164,12,10
165,79,30
165,36,60
165,113,230
165,64,960
165,135,10
165,70,20
165,251,30
165,241,900
165,301,10
165,288,70
165,149,10
165,339,50
165,146,20
165,140,440
165,191,130
165,230,50
165,5,40
165,73,80
166,2,10
166,25,10
166,107,10
166,175,10
166,48,10
166,270,610
166,57,20
166,304,5400
166,178,30
166,237,30
166,95,20
166,294,50
167,354,260
167,218,8480
167,74,40
167,98,9290
167,174,10
167,201,10
167,274,50
167,240,40
167,222,10
167,109,10
167,296,20
167,311,50
167,334,30
167,37,10
168,77,10
168,68,2970
168,86,20
168,281,30
168,331,4220
168,356,4400
168,219,40
168,128,10
168,194,20
168,16,10
168,303,10
168,6,10
168,313,60
168,124,50
168,53,10
168,13,80
169,12,10
169,117,20
169,250,80
169,100,6060
169,343,10
169,278,20
169,317,30
169,143,20
170,266,30
170,130,10
170,360,1900
170,60,160
170,107,10
170,71,10
170,87,10
170,55,1390
170,267,60
170,78,10
170,286,70
170,101,10
170,32,40
170,50,40
170,180,1370
170,346,2550
171,119,10
171,231,10
171,265,10
171,349,10
171,24,4030
171,138,1190
171,139,180
171,252,10
171,340,50
171,217,30
171,133,10
171,211,710
172,286,50
172,116,5950
172,232,20
172,4,6300
172,83,20
172,160,20
172,154,7020
172,338,10
172,302,30
172,352,30
173,264,10
173,224,10
173,110,10
173,121,10
173,126,10
173,16,290
173,18,30
173,319,10
173,220,10
173,233,330
173,141,110
173,234,20
173,269,70
173,268,170
173,189,170
173,185,10
173,291,10
173,119,10
173,27,10
173,205,10
173,212,50
173,213,20
173,326,10
173,86,10
173,3,10
173,321,20
173,67,10
173,289,90
173,298,10
173,292,190
173,311,10
173,312,20
173,142,70
173,131,10
173,93,10
173,227,290
173,148,10
173,331,10
174,306,30
174,192,30
174,223,1200
174,40,170
174,56,20
174,167,10
175,108,130
175,96,370
175,52,130
175,57,40
175,166,10
175,88,10
175,316,10
175,304,10
175,186,320
175,25,40
175,19,40
175,179,10
175,184,10
175,270,110
175,276,280
175,152,10
175,357,50
175,353,10
175,46,60
175,237,60
175,246,10
175,294,40
176,107,10
176,50,50
176,130,10
176,12,10
176,46,10
176,314,1700
176,195,10
176,101,40
176,357,10
176,161,20
176,184,10
176,42,2930
177,53,10
177,108,4810
177,57,50
177,324,40
177,25,50
177,69,10
177,316,40
177,355,10
177,152,170
177,143,20
177,88,340
177,87,10
177,161,10
177,184,3620
177,314,10
177,163,10
178,25,80
178,95,30
178,115,10
178,69,3260
178,119,10
178,111,10
178,108,10
178,130,60
178,294,30
178,264,10
178,67,10
178,166,30
178,46,10
178,152,10
178,357,10
178,186,10
178,266,10
178,195,10
178,246,10
178,300,10
178,243,10
178,316,1340
178,314,80
178,324,2040
179,96,40
179,46,30
179,2,30
179,270,160
179,353,40
179,342,20
179,294,70
179,276,10
179,357,20
179,175,10
179,237,70
179,186,40
179,19,10
180,346,6700
180,78,50
180,360,6800
180,352,130
180,170,1370
180,204,30
180,286,30
180,275,10
180,60,20
180,119,10
180,139,20
180,55,6520
180,248,10
180,272,20
180,247,20
181,90,10
181,47,60
181,183,160
181,307,10
181,323,10
181,15,10
181,188,100
181,40,10
182,307,30
182,151,60
182,15,20
182,40,40
182,325,10
182,359,70
182,224,30
182,278,5220
182,132,3320
182,250,40
182,228,10
182,118,20
182,102,750
182,12,10
182,282,2850
182,257,40
182,202,5530
183,40,210
183,12,10
183,250,40
183,188,8200
183,131,10
183,47,40
183,126,50
183,251,10
183,297,10
183,320,40
183,181,160
183,77,10
183,59,30
183,41,50
183,271,30
183,25,10
183,307,40
184,143,50
184,108,4890
184,53,10
184,87,10
184,88,340
184,175,10
184,177,3620
184,42,10
184,176,10
184,161,10
184,314,10
184,71,10
184,69,20
185,279,170
185,269,110
185,347,210
185,292,300
185,298,1080
185,291,10
185,148,140
185,141,60
185,164,20
185,45,10
185,124,10
185,16,20
185,321,40
185,313,30
185,86,20
185,219,30
185,268,10
185,266,10
185,233,20
185,264,60
185,227,200
185,27,4140
185,213,10
185,173,10
186,357,70
186,52,400
186,294,20
186,237,110
186,179,40
186,178,10
186,175,320
186,19,20
186,46,60
186,107,40
186,276,230
186,88,10
186,300,10
186,57,30
186,96,6160
187,40,30
187,343,20
187,278,20
187,132,30
187,117,560
187,202,10
187,200,10
187,47,10
187,15,10
187,100,30
187,90,3880
187,9,20
187,317,10
187,282,70
187,224,60
187,250,20
187,151,100
187,102,100
187,206,10
187,260,10
187,257,30
187,307,80
188,47,60
188,40,80
188,183,8200
188,181,100
188,41,40
188,250,20
188,131,80
188,126,90
188,271,20
188,297,10
188,307,30
188,320,50
189,268,20
189,269,30
189,213,30
189,16,70
189,45,10
189,173,170
189,13,10
189,86,20
189,266,10
189,233,30
189,227,20
190,58,180
190,208,160
190,222,40
190,28,50
190,266,50
190,104,90
190,110,90
190,119,20
190,33,110
190,203,80
190,322,280
190,311,10
190,74,10
190,82,90
190,85,130
190,66,90
190,81,20
190,49,130
190,274,70
190,253,100
190,284,280
190,350,50
190,312,50
190,289,40
190,10,100
191,5,200
191,146,750
191,241,20
191,115,20
191,220,10
191,91,1860
191,230,260
191,339,460
191,165,130
191,73,1820
192,174,30
192,70,100
192,225,770
192,266,30
192,251,40
192,91,10
192,291,90
192,146,90
192,56,90
192,140,20
192,135,10
192,328,20
192,64,10
192,127,10
192,73,40
192,113,10
192,54,10
193,281,30
193,205,30
193,221,50
193,264,20
193,93,3680
193,157,10
193,194,40
194,29,10
194,124,30
194,246,30
194,255,130
194,168,20
194,243,30
194,313,70
194,13,20
194,157,80
194,45,40
194,93,30
194,161,20
194,207,70
194,217,10
194,356,10
194,106,30
194,281,200
194,195,10
194,69,20
194,300,30
194,315,10
194,193,40
194,114,90
194,53,20
194,6,330
194,23,70
194,221,90
194,242,20
194,76,10
194,219,20
195,329,10
195,83,10
195,86,20
195,178,10
195,264,20
195,259,20
195,2,20
195,39,60
195,300,10
195,286,10
195,243,30
195,232,60
195,69,10
195,6,10
195,275,10
195,302,40
195,176,10
195,92,30
195,249,20
195,272,10
195,48,10
195,194,10
195,242,140
195,217,40
195,246,10
195,106,10
195,324,10
195,316,20
195,7,220
195,330,10
195,355,10
196,317,420
196,336,10
196,158,530
196,326,360
196,359,120
196,105,170
196,335,330
197,314,10
197,260,100
197,132,40
197,37,20
198,361,11360
198,83,40
198,60,3900
198,232,40
198,31,11360
198,123,9910
198,302,40
198,249,10
198,160,870
198,217,10
198,247,10
198,97,9230
199,39,70
199,106,100
199,124,170
199,159,80
199,243,20
199,246,30
199,76,40
199,86,470
199,294,20
199,261,60
199,13,20
199,281,10
199,77,60
199,7,140
199,84,20
199,315,10
199,80,100
199,242,80
199,300,10
200,102,30
200,341,30
200,282,20
200,187,10
200,228,120
200,34,30
201,74,20
201,290,20
201,301,20
201,37,10
201,210,20
201,231,170
201,208,30
201,209,30
201,236,10
201,222,70
201,216,30
201,241,10
201,274,90
201,272,70
201,265,20
201,286,10
201,119,20
201,58,80
201,333,60
201,332,20
201,35,60
201,33,20
201,322,40
201,312,630
201,349,70
201,344,90
201,89,40
201,49,40
201,121,20
201,53,10
201,161,10
201,167,10
201,152,10
201,128,40
201,133,10
201,150,40
201,142,20
201,30,10
201,14,50
201,22,50
202,102,850
202,224,50
202,359,40
202,132,5550
202,151,80
202,12,10
202,282,3640
202,40,20
202,325,10
202,307,10
202,228,10
202,182,5530
202,118,20
202,250,20
202,278,8400
202,187,10
203,222,20
203,234,70
203,349,10
203,216,20
203,85,60
203,58,70
203,67,170
203,208,80
203,30,70
203,28,10
203,142,170
203,49,50
203,146,10
203,330,20
203,284,60
203,263,10
203,322,50
203,289,2610
203,190,80
203,241,10
203,253,40
203,259,40
203,33,10
204,154,10
204,262,40
204,327,60
204,78,10
204,87,10
204,98,10
204,180,30
204,37,10
204,119,10
204,330,1460
204,275,2580
204,266,10
204,338,90
205,27,60
205,65,400
205,321,920
205,292,20
205,16,10
205,157,10
205,39,10
205,53,60
205,264,50
205,266,20
205,227,10
205,255,10
205,193,30
205,279,370
205,86,50
205,114,10
205,93,10
205,173,10
205,29,150
205,38,400
205,291,30
205,75,100
205,23,20
205,106,150
206,269,50
206,233,10
206,27,10
206,39,50
206,187,10
206,13,10
206,23,30
206,348,850
206,353,10
206,292,10
206,212,20
207,6,270
207,194,70
207,353,10
207,281,10
207,92,70
208,284,10
208,290,10
208,289,40
208,286,20
208,311,10
208,333,20
208,322,810
208,312,30
208,349,10
208,22,10
208,344,10
208,222,10
208,263,30
208,253,70
208,245,50
208,236,130
208,231,70
208,229,20
208,142,10
208,150,10
208,201,30
208,128,60
208,49,2360
208,133,290
208,14,50
208,53,20
208,33,30
208,127,10
208,28,310
208,30,140
208,121,10
208,190,160
208,89,10
208,61,10
208,58,1110
208,210,10
208,216,1740
208,109,20
208,203,80
208,119,10
208,37,30
208,351,10
208,234,80
209,344,70
209,109,10
209,24,20
209,222,20
209,121,10
209,133,20
209,201,30
209,128,40
209,150,340
209,51,110
209,35,80
209,30,30
209,22,20
209,338,30
209,135,10
209,337,140
209,290,10
209,274,10
209,245,10
209,265,4510
209,33,20
209,254,620
209,252,630
209,333,20
209,145,10
210,67,30
210,33,10
210,121,30
210,22,180
210,104,200
210,216,10
210,344,20
210,128,110
210,66,150
210,58,30
210,82,290
210,35,10
210,49,10
210,272,10
210,201,20
210,349,130
210,289,10
210,274,30
210,332,50
210,245,50
210,253,2990
210,263,10
210,110,190
210,322,30
210,301,30
210,312,20
210,296,100
210,333,50
210,53,10
210,222,20
210,229,10
210,236,10
210,119,10
210,208,10
211,338,100
211,252,10
211,266,10
211,280,120
211,144,90
211,139,140
211,138,460
211,129,90
211,133,30
211,231,20
211,0,90
211,171,710
211,24,710
211,318,90
211,283,220
211,340,140
212,44,10
212,62,20
212,293,50
212,206,20
212,173,50
212,38,110
212,3,10
212,65,190
212,241,10
212,148,20
212,347,30
212,341,10
212,348,580
212,319,230
212,26,10
212,268,240
212,291,20
213,233,10
213,268,20
213,221,40
213,227,10
213,173,20
213,48,10
213,189,30
213,148,10
213,16,130
213,292,60
213,313,140
213,321,20
213,279,20
213,75,40
213,59,10
213,141,20
213,93,80
213,27,10
213,269,30
213,185,10
214,163,20
215,270,60
215,294,60
215,300,40
215,293,40
216,30,200
216,49,1200
216,22,30
216,263,80
216,28,190
216,344,60
216,256,10
216,290,60
216,289,20
216,284,70
216,322,1500
216,128,10
216,10,10
216,201,30
216,121,40
216,14,40
216,61,10
216,58,890
216,133,190
216,210,10
216,119,20
216,208,1740
216,203,20
216,33,20
216,332,100
216,333,60
216,253,30
216,245,10
216,240,20
216,274,30
216,85,50
216,312,10
216,222,100
216,236,240
217,361,10
217,24,30
217,232,7240
217,161,10
217,355,660
217,138,20
217,123,10
217,195,40
217,198,10
217,7,90
217,111,10
217,246,20
217,293,40
217,143,170
217,152,10
217,316,80
217,308,10
217,83,7860
217,302,9240
217,97,40
217,130,70
217,171,30
217,247,10
217,31,10
217,194,10
218,354,310
218,311,50
218,274,110
218,98,8640
218,33,20
218,109,10
218,167,8480
218,334,40
218,240,30
218,222,130
219,348,20
219,53,10
219,6,60
219,86,210
219,68,120
219,124,610
219,13,5330
219,27,10
219,45,20
219,194,20
219,168,40
219,221,150
219,227,10
219,292,10
219,313,110
219,281,90
219,279,100
219,269,10
219,356,40
219,185,30
220,163,100
220,161,10
220,155,40
220,191,10
220,230,10
220,310,50
220,162,60
220,258,10
220,305,40
220,246,10
220,287,40
220,19,10
220,115,150
220,173,10
220,69,30
220,5,10
220,108,10
220,56,10
220,125,10
220,53,20
221,45,30
221,356,30
221,72,10
221,13,130
221,219,150
221,106,10
221,93,40
221,88,10
221,86,80
221,213,40
221,124,80
221,6,120
221,68,20
221,264,10
221,270,10
221,281,50
221,194,90
221,193,50
221,255,40
221,313,720
222,218,130
222,58,30
222,33,470
222,37,30
222,53,40
222,133,50
222,231,140
222,28,90
222,234,10
222,284,80
222,155,10
222,30,30
222,322,10
222,301,100
222,277,40
222,289,20
222,286,10
222,310,10
222,245,140
222,240,50
222,332,30
222,334,20
222,312,40
222,305,90
222,190,40
222,236,90
222,51,20
222,49,20
222,167,10
222,350,50
222,311,10
222,349,10
222,272,330
222,263,10
222,253,40
222,344,10
222,333,20
222,274,790
222,208,10
222,209,20
222,203,20
222,22,10
222,210,20
222,216,100
222,85,80
222,128,120
222,14,10
222,35,130
222,10,50
222,201,70
222,121,60
222,81,40
223,56,20
223,24,10
223,307,30
223,174,1200
223,40,110
224,40,90
224,335,20
224,187,60
224,182,30
224,173,10
224,44,30
224,250,30
224,228,10
224,151,10
224,282,10
224,297,4070
224,307,50
224,309,30
224,90,20
224,100,40
224,77,10
224,102,20
224,132,50
224,202,50
224,62,60
224,317,120
224,278,30
224,126,20
225,250,10
225,251,30
225,192,770
225,40,10
225,47,10
225,149,30
225,260,20
225,306,320
225,241,10
225,91,10
225,79,10
225,307,40
225,56,30
225,59,20
226,256,10
226,248,10
226,273,40
226,258,30
226,87,90
227,185,200
227,213,10
227,93,70
227,124,10
227,205,10
227,6,10
227,219,10
227,326,30
227,321,630
227,148,20
227,233,4540
227,264,100
227,269,200
227,266,10
227,279,400
227,13,10
227,292,8910
227,189,20
227,39,10
227,173,290
227,27,150
227,23,20
228,34,120
228,62,30
228,282,10
228,359,20
228,132,10
228,257,3990
228,224,10
228,325,5830
228,200,120
228,202,10
228,47,10
228,15,10
228,182,10
229,253,10
229,334,200
229,286,20
229,308,20
229,311,10
229,210,10
229,208,20
229,247,20
229,89,640
229,240,10
229,349,20
229,351,1200
229,58,10
229,14,980
230,146,40
230,81,150
230,155,120
230,115,10
230,140,150
230,240,50
230,5,2260
230,91,20
230,220,10
230,113,50
230,99,10
230,339,90
230,350,100
230,64,10
230,318,10
230,310,120
230,305,10
230,277,10
230,10,130
230,241,20
230,36,120
230,191,260
230,165,50
231,272,60
231,35,130
231,28,10
231,274,30
231,33,40
231,286,30
231,208,70
231,67,310
231,49,10
231,121,50
231,171,10
231,312,150
231,201,170
231,301,160
231,296,10
231,290,10
231,332,80
231,53,10
231,351,10
231,127,50
231,344,20
231,89,190
231,14,40
231,211,20
231,333,40
231,349,640
231,222,140
232,143,140
232,111,30
232,97,10
232,198,40
232,31,40
232,195,60
232,275,10
232,281,20
232,308,40
232,355,940
232,302,8260
232,361,40
232,316,30
232,130,30
232,293,20
232,247,30
232,217,7240
232,7,50
232,172,20
232,123,40
232,246,30
232,83,7770
233,264,50
233,227,4540
233,173,330
233,341,40
233,148,90
233,157,70
233,321,10
233,313,10
233,292,2760
233,269,60
233,93,70
233,206,10
233,266,10
233,279,80
233,189,30
233,213,10
233,185,20
233,27,80
234,142,7490
234,58,10
234,146,10
234,208,80
234,222,10
234,135,10
234,241,10
234,125,10
234,266,10
234,173,20
234,322,20
234,349,50
234,283,40
234,289,70
234,53,10
234,67,20
234,49,30
234,203,70
234,119,10
234,312,10
234,311,10
235,9,20
235,343,40
235,239,20
235,349,20
236,53,20
236,312,40
236,201,10
236,142,100
236,253,30
236,274,90
236,263,70
236,33,120
236,49,180
236,210,10
236,208,130
236,344,10
236,286,10
236,322,280
236,222,90
236,334,10
236,28,40
236,216,240
236,22,50
236,58,330
237,46,100
237,179,70
237,161,10
237,186,110
237,175,60
237,152,10
237,25,30
237,96,260
237,57,10
237,304,50
237,342,10
237,166,30
237,52,670
237,53,10
237,294,20
237,270,220
237,316,20
237,2,10
237,246,10
237,276,230
237,266,10
237,357,30
238,286,10
238,342,40
238,2,240
238,19,110
238,136,2310
238,107,20
238,294,30
238,95,10
238,17,2650
239,320,20
239,143,10
239,12,50
239,100,70
239,9,6240
239,117,10
239,151,50
239,40,90
239,90,60
239,343,2270
239,235,20
239,77,10
240,216,20
240,218,30
240,125,570
240,167,40
240,162,30
240,104,30
240,229,10
240,61,70
240,98,40
240,99,10
240,135,10
240,311,1250
240,339,10
240,253,10
240,277,20
240,33,10
240,74,110
240,230,50
240,81,10
240,155,110
240,222,50
240,109,10
240,241,10
240,354,10
240,287,10
240,305,100
240,310,90
241,128,30
241,191,20
241,153,10
241,240,10
241,36,50
241,64,20
241,234,10
241,22,10
241,201,10
241,339,30
241,165,900
241,134,10
241,203,10
241,349,10
241,5,20
241,73,270
241,140,20
241,225,10
241,230,20
241,212,10
242,294,50
242,194,20
242,261,20
242,159,120
242,281,50
242,293,20
242,313,10
242,259,20
242,244,20
242,106,20
242,86,10
242,199,80
242,195,140
242,76,240
242,7,830
242,342,10
242,29,20
242,80,120
242,39,1100
243,300,5100
243,304,10
243,294,50
243,281,70
243,261,50
243,316,10
243,6,50
243,178,10
243,194,30
243,266,10
243,76,80
243,86,10
243,342,40
243,161,20
243,195,30
243,199,20
244,19,10
244,52,10
244,276,10
244,324,70
244,242,20
244,7,10
244,46,20
244,95,7030
244,329,8720
244,275,10
244,69,110
244,109,30
245,58,20
245,216,10
245,332,110
245,333,180
245,312,10
245,322,20
245,301,610
245,290,160
245,265,20
245,274,80
245,209,10
245,104,40
245,53,40
245,128,750
245,28,80
245,344,140
245,66,40
245,121,70
245,222,140
245,33,110
245,210,50
245,110,40
245,74,10
245,35,150
245,208,50
245,82,40
245,150,10
246,83,40
246,88,70
246,152,1180
246,25,10
246,259,10
246,254,10
246,220,10
246,195,10
246,199,30
246,130,40
246,161,380
246,355,20
246,330,10
246,342,60
246,294,120
246,302,30
246,237,10
246,194,30
246,217,20
246,232,30
246,163,20
246,143,10
246,178,10
246,175,10
247,267,980
247,308,4940
247,340,50
247,346,20
247,358,870
247,330,30
247,83,30
247,180,20
247,229,20
247,361,10
247,360,20
247,97,10
247,48,1400
247,123,10
247,302,40
247,198,10
247,89,10
247,160,20
247,249,60
247,259,10
247,55,20
247,272,10
247,60,20
247,275,30
247,217,10
247,139,80
247,31,10
247,232,30
248,122,170
248,226,10
248,180,10
248,258,40
248,249,30
248,101,10
248,338,20
248,346,10
248,275,10
248,262,60
248,360,10
249,107,10
249,195,20
249,267,20
249,48,40
249,198,10
249,280,40
249,97,10
249,133,20
249,258,20
249,283,30
249,275,330
249,318,80
249,330,470
249,31,10
249,247,60
249,248,30
249,352,10
249,308,30
249,293,10
249,361,10
249,33,10
249,259,350
249,262,40
249,129,30
249,85,20
249,119,10
249,123,10
249,111,20
249,0,30
249,60,20
250,359,20
250,126,10
250,103,40
250,348,30
250,90,20
250,278,20
250,282,10
250,297,10
250,15,60
250,47,40
250,345,380
250,12,10
250,44,780
250,132,20
250,307,600
250,320,10
250,317,30
250,202,20
250,62,90
250,102,30
250,100,90
250,169,80
250,225,10
250,37,20
250,224,30
250,187,20
250,151,30
250,188,20
250,117,30
250,336,280
250,40,1450
250,149,30
250,182,40
250,183,40
251,225,30
251,120,10
251,59,160
251,54,270
251,56,10
251,183,10
251,192,40
251,282,10
251,36,10
251,12,10
251,72,230
251,41,3300
251,320,160
251,70,2520
251,271,10
251,143,10
251,165,30
252,344,30
252,254,3680
252,24,30
252,338,40
252,265,520
252,349,40
252,333,30
252,211,10
252,109,100
252,171,10
252,209,630
252,133,20
252,119,10
252,121,40
253,236,30
253,58,80
253,240,10
253,305,10
253,296,40
253,318,10
253,289,40
253,322,70
253,216,30
253,286,10
253,287,40
253,290,10
253,203,40
253,229,10
253,28,110
253,99,30
253,162,40
253,49,130
253,22,10
253,85,140
253,30,70
253,222,40
253,37,10
253,208,70
253,190,100
253,210,2990
253,263,10
253,33,50
253,284,150
253,274,10
253,133,90
254,119,10
254,109,20
254,133,20
254,246,10
254,337,40
254,150,10
254,252,3680
254,127,200
254,135,20
254,209,620
254,24,30
254,265,480
255,157,3210
255,205,10
255,114,5580
255,264,80
255,93,280
255,279,10
255,313,10
255,315,10
255,148,10
255,281,50
255,221,40
255,194,130
255,6,30
256,226,10
256,273,4510
256,329,10
256,258,10
256,145,3170
256,1,660
256,87,90
256,216,10
257,187,30
257,151,10
257,117,30
257,325,5140
257,34,650
257,118,10
257,228,3990
257,132,10
257,359,10
257,102,20
257,182,40
258,145,120
258,249,20
258,111,10
258,275,10
258,330,20
258,226,30
258,248,40
258,51,20
258,53,120
258,256,10
258,67,10
258,122,10
258,220,10
258,338,170
259,152,10
259,352,40
259,203,40
259,247,10
259,82,30
259,267,10
259,275,220
259,161,10
259,104,30
259,249,350
259,358,10
259,242,20
259,356,10
259,330,460
259,246,10
259,76,10
259,293,30
259,289,30
259,110,10
259,163,10
259,195,20
259,60,30
260,187,10
260,197,100
260,132,10
260,90,20
260,271,10
260,56,40
260,282,10
260,149,50
260,345,40
260,225,20
261,86,10
261,243,50
261,266,20
261,242,20
261,77,10
261,281,30
261,199,60
261,76,3320
261,300,30
261,7,70
261,6,40
261,92,20
261,23,60
261,294,50
262,55,50
262,248,60
262,249,40
262,346,50
262,204,40
262,338,50
262,20,10
262,122,630
263,28,110
263,208,30
263,153,160
263,164,140
263,49,100
263,58,30
263,33,40
263,236,70
263,203,10
263,298,10
263,334,10
263,301,10
263,322,10
263,51,10
263,210,10
263,53,850
263,127,10
263,133,120
263,253,10
263,61,20
263,222,10
263,67,30
263,82,20
263,280,10
263,30,20
263,216,80
263,344,10
263,349,10
264,43,10
264,233,50
264,195,20
264,221,10
264,109,50
264,281,20
264,255,80
264,321,120
264,293,10
264,185,60
264,93,20
264,27,30
264,227,100
264,173,10
264,6,10
264,292,20
264,291,10
264,193,20
264,279,10
264,205,50
264,114,100
264,124,10
264,157,90
264,178,10
265,35,50
265,272,80
265,337,80
265,51,370
265,290,20
265,333,60
265,30,10
265,332,10
265,301,10
265,150,390
265,119,10
265,273,30
265,171,10
265,201,20
265,209,4510
265,338,30
265,109,20
265,22,10
265,127,30
265,245,20
265,349,20
265,344,10
265,24,10
265,252,520
265,133,20
265,254,480
265,33,20
265,37,20
266,314,10
266,190,50
266,211,10
266,140,10
266,89,10
266,111,10
266,237,10
266,204,10
266,170,30
266,192,30
266,45,10
266,233,10
266,58,10
266,142,10
266,36,10
266,16,10
266,205,20
266,189,10
266,312,10
266,24,10
266,29,10
266,281,10
266,261,20
266,300,10
266,86,30
266,315,10
266,321,10
266,227,10
266,25,10
266,234,10
266,50,10
266,106,10
266,27,30
266,7,10
266,148,50
266,6,10
266,69,10
266,53,10
266,178,10
266,101,100
266,98,10
266,243,10
266,280,10
266,324,10
266,327,10
266,342,10
266,338,20
266,279,10
266,185,10
266,348,40
266,334,10
266,267,60
266,269,10
267,259,10
267,249,20
267,101,270
267,130,10
267,108,10
267,170,60
267,266,60
267,48,3610
267,39,10
267,308,1650
267,330,10
267,358,3250
267,247,980
268,27,10
268,148,20
268,173,170
268,185,10
268,212,240
268,164,10
268,153,30
268,45,10
268,13,10
268,141,1610
268,213,20
268,92,20
268,62,10
268,319,30
268,298,500
268,3,10
268,86,30
268,293,10
268,279,140
268,189,20
269,341,10
269,141,20
269,353,10
269,266,10
269,29,10
269,213,30
269,331,10
269,27,80
269,23,10
269,321,280
269,34,10
269,219,10
269,173,70
269,124,10
269,227,200
269,279,220
269,292,140
269,295,140
269,206,50
269,185,110
269,189,30
269,16,120
269,298,80
269,313,20
269,233,60
270,46,180
270,52,3490
270,175,110
270,215,60
270,357,220
270,96,70
270,237,220
270,304,620
270,179,160
270,353,200
270,276,3530
270,221,10
270,342,40
270,294,130
270,19,70
270,166,610
271,306,160
271,73,10
271,251,10
271,188,20
271,59,10
271,36,10
271,54,10
271,18,30
271,278,30
271,359,220
271,260,10
271,126,40
271,183,30
271,94,3110
272,51,10
272,195,10
272,133,10
272,136,20
272,35,2770
272,89,90
272,128,70
272,55,20
272,140,10
272,60,10
272,135,10
272,247,10
272,322,10
272,312,260
272,308,20
272,349,80
272,231,60
272,286,10
272,222,330
272,346,20
272,360,20
272,180,20
272,210,10
272,201,70
272,67,30
272,274,250
272,265,80
272,33,30
272,119,10
272,142,10
272,14,1190
273,330,10
273,145,3940
273,135,10
273,87,20
273,256,4510
273,226,40
273,1,560
273,265,30
274,310,30
274,301,90
274,67,40
274,311,10
274,85,130
274,245,80
274,231,30
274,201,90
274,305,50
274,312,40
274,322,10
274,14,70
274,218,110
274,142,20
274,10,10
274,30,20
274,128,170
274,236,90
274,155,80
274,74,10
274,37,40
274,133,50
274,216,30
274,253,10
274,119,10
274,121,200
274,49,40
274,33,740
274,272,250
274,58,50
274,167,50
274,81,30
274,35,180
274,222,790
274,22,30
274,28,30
274,190,70
274,344,50
274,334,20
274,349,10
274,354,20
274,333,130
274,332,180
274,284,130
274,53,20
274,277,10
274,209,10
274,210,30
274,290,180
274,350,10
275,318,20
275,259,220
275,258,10
275,162,20
275,327,20
275,95,40
275,330,1730
275,0,20
275,287,20
275,281,10
275,249,330
275,97,10
275,293,10
275,248,10
275,358,10
275,204,2580
275,232,10
275,129,20
275,180,10
275,247,30
275,87,50
275,48,10
275,244,10
275,195,10
276,2,40
276,96,440
276,294,30
276,342,70
276,46,480
276,19,10
276,237,230
276,270,3530
276,179,10
276,175,280
276,52,6360
276,244,10
276,186,230
276,353,220
276,357,520
277,280,10
277,99,40
277,334,10
277,350,20
277,98,40
277,64,20
277,53,50
277,305,20
277,274,10
277,230,10
277,222,40
277,81,20
277,0,150
277,283,150
277,351,10
277,67,10
277,311,60
277,318,50
277,10,30
277,240,20
277,115,120
277,129,160
278,182,5220
278,132,5490
278,118,20
278,202,8400
278,12,10
278,169,20
278,224,30
278,282,3920
278,102,880
278,271,30
278,250,20
278,187,20
278,307,10
278,40,10
278,151,60
279,27,90
279,268,140
279,321,1180
279,130,10
279,315,20
279,294,10
279,292,510
279,298,70
279,291,20
279,281,10
279,233,80
279,255,10
279,29,20
279,141,50
279,266,10
279,269,220
279,205,370
279,93,80
279,227,400
279,185,170
279,219,100
279,148,70
279,92,30
279,326,10
279,124,20
279,45,10
279,16,120
279,86,10
279,23,10
279,213,20
279,264,10
279,53,90
280,305,10
280,31,10
280,63,60
280,129,1560
280,138,10
280,33,10
280,139,30
280,211,120
280,263,10
280,340,200
280,330,20
280,283,1300
280,277,10
280,249,40
280,318,1720
280,119,10
280,266,10
280,0,1530
281,39,30
281,68,10
281,6,570
281,219,90
281,93,50
281,7,40
281,168,30
281,153,60
281,264,20
281,161,10
281,124,30
281,243,70
281,293,10
281,232,20
281,324,10
281,164,60
281,193,30
281,266,10
281,199,10
281,300,70
281,221,50
281,279,10
281,275,10
281,194,200
281,13,110
281,207,10
281,114,100
281,255,50
281,159,30
281,356,10
281,313,30
281,152,20
281,45,90
281,261,30
281,75,60
281,80,30
281,16,20
281,86,10
281,242,50
281,19,20
282,278,3920
282,90,70
282,102,500
282,40,10
282,47,10
282,15,10
282,151,60
282,228,10
282,251,10
282,250,10
282,200,20
282,224,10
282,202,3640
282,260,10
282,182,2850
282,118,20
282,12,10
282,317,30
282,187,70
282,120,10
282,307,20
282,297,10
282,132,2720
283,277,150
283,340,60
283,280,1300
283,318,1700
283,211,220
283,129,1590
283,249,30
283,330,10
283,119,10
283,51,10
283,139,130
283,234,40
283,138,120
283,0,1410
284,216,70
284,85,9720
284,119,20
284,253,150
284,28,130
284,312,30
284,274,130
284,156,20
284,322,80
284,33,50
284,133,150
284,203,60
284,222,80
284,10,70
284,328,40
284,350,90
284,190,280
284,208,10
284,163,20
284,81,30
284,79,10
284,37,10
285,112,9320
285,334,10
286,231,30
286,238,10
286,136,10
286,229,20
286,201,10
286,172,50
286,125,50
286,180,30
286,137,10
286,122,10
286,272,10
286,170,70
286,160,10
286,195,10
286,116,10
286,55,30
286,58,10
286,4,10
286,117,10
286,253,10
286,111,10
286,236,10
286,222,10
286,154,20
286,311,10
286,312,50
286,324,10
286,327,50
286,338,30
286,341,10
286,352,10
286,360,30
286,37,10
286,80,10
286,208,20
286,101,20
286,99,10
286,34,10
286,17,10
286,74,30
286,22,30
286,20,10
286,61,10
286,107,10
286,159,10
286,296,30
287,155,50
287,33,10
287,163,10
287,305,50
287,311,40
287,310,80
287,115,10
287,275,20
287,253,40
287,339,110
287,220,40
287,240,10
287,162,1900
288,54,10
288,165,70
289,259,30
289,49,70
289,173,90
289,190,40
289,33,10
289,234,70
289,53,40
289,208,40
289,253,40
289,58,20
289,322,140
289,311,10
289,222,20
289,142,90
289,119,10
289,203,2610
289,349,20
289,301,30
289,67,200
289,28,10
289,30,30
289,216,20
289,210,10
290,35,50
290,128,10
290,201,20
290,53,20
290,265,20
290,322,50
290,274,180
290,301,10
290,133,30
290,312,80
290,150,10
290,209,10
290,58,10
290,119,30
290,253,10
290,332,6610
290,344,7190
290,22,10
290,333,5990
290,349,170
290,121,5860
290,33,10
290,49,10
290,245,160
290,231,10
290,67,10
290,37,30
290,216,60
290,208,10
291,279,20
291,141,20
291,65,50
291,173,10
291,347,30
291,13,40
291,185,10
291,348,10
291,106,10
291,205,30
291,321,10
291,345,10
291,146,50
291,75,450
291,148,10
291,34,10
291,80,10
291,212,20
291,27,20
291,159,10
291,192,90
291,264,10
292,279,510
292,23,10
292,148,40
292,93,60
292,213,60
292,27,260
292,321,800
292,326,20
292,269,140
292,205,20
292,219,10
292,233,2760
292,264,20
292,206,10
292,227,8910
292,185,300
292,173,190
292,39,10
292,124,10
293,242,20
293,124,20
293,275,10
293,153,70
293,264,10
293,152,10
293,68,10
293,217,40
293,215,40
293,232,20
293,83,50
293,164,70
293,212,50
293,249,10
293,259,30
293,281,10
293,313,20
293,39,10
293,319,30
293,300,20
293,294,20
293,302,50
293,268,10
294,293,20
294,136,40
294,279,10
294,46,80
294,242,50
294,276,30
294,199,20
294,243,50
294,238,30
294,175,40
294,324,20
294,303,10
294,23,20
294,2,70
294,261,50
294,19,80
294,96,20
294,17,20
294,215,60
294,84,20
294,300,30
294,246,120
294,179,70
294,52,90
294,166,50
294,270,130
294,152,20
294,76,30
294,304,90
294,342,60
294,178,30
294,237,20
294,186,20
294,357,50
294,7,40
295,319,20
295,335,160
295,336,30
295,62,30
295,105,300
295,43,10
295,44,10
295,323,10
295,269,140
295,34,150
295,148,50
296,231,10
296,33,10
296,167,20
296,312,10
296,286,30
296,322,40
296,22,120
296,253,40
296,210,100
296,30,340
297,183,10
297,151,10
297,282,10
297,188,10
297,250,10
297,317,150
297,62,10
297,103,80
297,224,4070
297,44,10
297,359,20
297,307,10
298,34,40
298,29,90
298,164,10
298,27,750
298,53,10
298,279,70
298,185,1080
298,321,30
298,173,10
298,141,420
298,268,500
298,269,80
298,148,60
298,263,10
299,77,40
300,6,30
300,7,10
300,76,50
300,194,30
300,195,10
300,342,40
300,178,10
300,266,10
300,243,5100
300,281,70
300,294,30
300,186,10
300,215,40
300,199,10
300,316,90
300,293,20
300,261,30
301,53,20
301,333,20
301,312,90
301,51,10
301,222,100
301,210,30
301,289,30
301,65,10
301,119,20
301,290,10
301,165,10
301,347,40
301,319,10
301,128,290
301,201,20
301,121,20
301,35,90
301,263,10
301,245,610
301,33,120
301,231,160
301,274,90
301,349,180
301,344,30
301,265,10
302,316,30
302,293,50
302,123,40
302,198,40
302,83,11110
302,7,90
302,232,8260
302,97,10
302,217,9240
302,130,50
302,111,20
302,31,40
302,143,170
302,195,40
302,247,40
302,308,40
302,361,40
302,355,1580
302,246,30
302,172,30
303,86,50
303,168,10
303,294,10
303,124,10
304,270,620
304,355,20
304,243,10
304,108,10
304,166,5400
304,2,10
304,237,50
304,57,10
304,175,10
304,19,20
304,294,90
305,253,10
305,222,90
305,220,40
305,287,50
305,74,10
305,350,30
305,230,10
305,274,50
305,280,10
305,277,20
305,334,70
305,311,300
305,310,3890
305,81,50
305,163,30
305,162,80
305,125,90
305,119,10
305,155,3770
305,240,100
305,351,10
305,115,10
305,10,100
305,33,20
306,18,10
306,113,20
306,94,230
306,56,30
306,225,320
306,328,10
306,323,10
306,271,160
306,174,30
307,187,80
307,131,30
307,126,10
307,15,70
307,282,20
307,182,30
307,151,20
307,278,10
307,183,40
307,345,470
307,359,10
307,44,90
307,40,910
307,297,10
307,224,50
307,62,10
307,336,660
307,181,10
307,47,60
307,102,20
307,100,10
307,223,30
307,90,20
307,105,10
307,117,70
307,250,600
307,202,10
307,188,30
307,132,10
307,317,20
307,309,20
307,225,40
307,335,20
308,351,10
308,48,2170
308,229,20
308,340,100
308,247,4940
308,267,1650
308,217,10
308,83,30
308,232,40
308,249,30
308,330,20
308,89,10
308,302,40
308,139,180
308,272,20
308,358,960
309,158,10
309,307,20
309,224,30
309,117,20
309,151,560
309,103,220
309,40,30
309,317,30
310,220,50
310,162,110
310,74,20
310,163,40
310,36,10
310,287,80
310,99,30
310,10,20
310,305,3890
310,155,5130
310,240,90
310,119,10
310,115,20
310,81,10
310,222,10
310,311,100
310,334,10
310,274,30
310,230,120
311,328,20
311,334,30
311,350,20
311,354,30
311,222,10
311,56,10
311,167,50
311,173,10
311,229,10
311,155,130
311,190,10
311,234,10
311,289,10
311,162,50
311,287,40
311,274,10
311,81,30
311,240,1250
311,129,10
311,218,50
311,98,50
311,277,60
311,208,10
311,109,10
311,305,300
311,10,20
311,286,10
311,99,50
311,310,100
311,125,370
311,0,30
312,190,50
312,272,260
312,33,10
312,35,230
312,30,10
312,133,10
312,216,10
312,128,40
312,236,40
312,67,30
312,142,30
312,245,10
312,85,30
312,266,10
312,127,20
312,301,90
312,286,50
312,22,10
312,201,630
312,121,70
312,210,20
312,284,30
312,231,150
312,290,80
312,37,10
312,332,80
312,173,20
312,296,10
312,53,20
312,274,40
312,234,10
312,222,40
312,58,60
312,89,60
312,322,20
312,333,90
312,344,10
312,14,120
312,208,30
312,349,80
313,185,30
313,6,100
313,255,10
313,281,30
313,13,160
313,213,140
313,341,20
313,221,720
313,242,10
313,27,90
313,269,20
313,233,10
313,76,60
313,86,30
313,219,110
313,194,70
313,80,90
313,293,20
313,168,60
313,159,90
313,157,50
314,107,40
314,7,10
314,177,10
314,108,10
314,130,70
314,87,10
314,266,10
314,95,40
314,197,10
314,176,1700
314,184,10
314,329,70
314,324,370
314,178,80
314,111,10
314,42,2830
314,50,40
314,69,260
315,194,10
315,29,7250
315,141,10
315,106,5020
315,353,10
315,279,20
315,255,10
315,199,10
315,86,10
315,266,10
315,38,30
315,65,30
315,148,10
315,59,10
315,53,10
315,164,10
316,87,10
316,237,20
316,175,10
316,178,1340
316,7,20
316,324,1690
316,356,10
316,111,10
316,300,90
316,232,30
316,69,2130
316,195,20
316,83,20
316,88,10
316,130,140
316,217,80
316,243,10
316,177,40
316,25,80
316,302,30
317,307,20
317,345,10
317,151,30
317,297,150
317,224,120
317,169,30
317,100,30
317,103,40
317,90,10
317,131,20
317,40,130
317,158,280
317,196,420
317,132,10
317,359,40
317,187,10
317,282,30
317,126,20
317,309,30
317,250,30
317,15,10
318,253,10
318,277,50
318,119,10
318,340,30
318,0,9250
318,249,80
318,283,1700
318,97,10
318,211,90
318,230,10
318,275,20
318,330,20
318,129,9520
318,138,20
318,139,20
318,31,10
318,85,10
318,63,60
318,280,1720
319,268,30
319,43,10
319,341,10
319,293,30
319,295,20
319,173,10
319,212,230
319,39,10
319,301,10
320,239,20
320,54,10
320,40,10
320,188,50
320,41,470
320,351,150
320,131,80
320,70,230
320,343,140
320,250,10
320,120,100
320,251,160
320,183,40
321,292,800
321,291,10
321,185,40
321,279,1180
321,13,10
321,205,920
321,23,50
321,16,10
321,93,100
321,92,10
321,213,20
321,124,10
321,130,10
321,86,40
321,264,120
321,266,10
321,233,10
321,269,280
321,29,10
321,27,150
321,148,110
321,34,30
321,141,20
321,341,30
321,45,10
321,227,630
321,298,30
321,173,20
322,210,30
322,22,20
322,203,50
322,253,70
322,201,40
322,85,40
322,28,50
322,30,100
322,133,200
322,142,40
322,236,280
322,128,30
322,33,40
322,263,10
322,245,20
322,216,1500
322,333,70
322,296,40
322,49,660
322,344,80
322,290,50
322,312,20
322,37,30
322,234,20
322,222,10
322,61,10
322,332,140
322,190,280
322,272,10
322,289,140
322,274,10
322,121,140
322,284,80
322,119,10
322,208,810
322,14,50
322,53,10
322,58,600
323,105,80
323,335,80
323,336,60
323,345,10
323,158,30
323,295,10
323,341,40
323,306,10
323,181,10
323,62,30
323,34,30
324,314,370
324,329,40
324,316,1690
324,294,20
324,357,10
324,69,2650
324,195,10
324,266,10
324,143,10
324,130,30
324,244,70
324,6,20
324,19,10
324,25,30
324,23,10
324,286,10
324,177,40
324,46,20
324,178,2040
324,111,10
324,281,10
325,359,20
325,132,30
325,182,10
325,228,5830
325,257,5140
325,202,10
326,23,10
326,3,10
326,16,10
326,105,970
326,88,10
326,335,900
326,348,30
326,196,360
326,227,30
326,148,50
326,292,20
326,173,10
326,279,10
326,20,10
326,158,30
327,111,120
327,330,40
327,266,10
327,101,10
327,119,10
327,4,10
327,204,60
327,78,90
327,137,120
327,286,50
327,160,140
327,275,20
327,87,50
328,311,20
328,284,40
328,21,130
328,79,1550
328,354,10
328,306,10
328,134,130
328,156,830
328,56,1790
328,149,20
328,192,20
329,109,30
329,357,10
329,314,70
329,46,10
329,7,20
329,95,7580
329,324,40
329,195,10
329,69,160
329,130,10
329,256,10
329,244,8720
330,0,30
330,203,20
330,283,10
330,111,20
330,204,1460
330,258,20
330,247,30
330,249,470
330,195,10
330,358,30
330,33,20
330,352,10
330,338,20
330,246,10
330,129,30
330,327,40
330,267,10
330,87,20
330,259,460
330,318,20
330,308,20
330,280,20
330,275,1730
330,60,10
330,48,10
330,65,10
330,273,10
331,133,1500
331,269,10
331,356,5700
331,68,5840
331,173,10
331,168,4220
332,274,180
332,265,10
332,201,20
332,121,6770
332,128,260
332,119,10
332,210,50
332,22,20
332,37,40
332,322,140
332,333,6820
332,133,40
332,222,30
332,312,80
332,349,290
332,344,6650
332,33,50
332,216,100
332,35,130
332,245,110
332,58,10
332,231,80
332,53,10
332,49,10
332,290,6610
332,150,10
333,128,570
333,119,30
333,252,30
333,208,20
333,265,60
333,274,130
333,133,30
333,322,70
333,37,40
333,231,40
333,209,20
333,210,50
333,222,20
333,312,90
333,201,60
333,121,6910
333,301,20
333,332,6820
333,150,10
333,349,70
333,344,6130
333,245,180
333,35,110
333,30,10
333,216,60
333,33,90
333,58,30
333,290,5990
333,49,10
333,53,10
334,167,30
334,51,10
334,49,20
334,229,200
334,277,10
334,73,20
334,61,310
334,236,10
334,81,10
334,30,30
334,218,40
334,33,30
334,74,190
334,22,10
334,91,20
334,310,10
334,354,230
334,350,20
334,37,50
334,311,30
334,222,20
334,266,10
334,98,30
334,274,20
334,155,80
334,263,10
334,285,10
334,305,70
334,112,10
334,99,60
335,148,60
335,307,20
335,196,330
335,224,20
335,323,80
335,26,1650
335,326,900
335,295,160
335,336,40
335,105,5210
336,105,30
336,196,10
336,307,660
336,250,280
336,345,1120
336,359,180
336,40,410
336,335,40
336,295,30
336,341,100
336,348,10
336,158,10
336,62,50
336,34,20
336,323,60
336,44,1000
337,119,10
337,340,30
337,265,80
337,63,20
337,20,550
337,209,140
337,127,50
337,254,40
338,262,50
338,330,20
338,127,180
338,204,90
338,111,30
338,258,170
338,31,10
338,87,40
338,139,10
338,248,20
338,133,30
338,252,40
338,211,100
338,138,40
338,130,70
338,24,20
338,172,10
338,286,30
338,340,20
338,265,30
338,266,20
338,209,30
339,241,30
339,73,160
339,155,10
339,5,120
339,359,160
339,230,90
339,146,30
339,91,80
339,240,10
339,191,460
339,165,50
339,287,110
339,99,10
340,211,140
340,129,30
340,308,100
340,318,30
340,24,130
340,139,3870
340,247,50
340,138,150
340,63,30
340,31,10
340,337,30
340,55,10
340,171,50
340,283,60
340,280,200
340,338,20
341,348,10
341,34,4700
341,233,40
341,62,30
341,212,10
341,321,30
341,269,10
341,200,30
341,26,20
341,286,10
341,323,40
341,319,10
341,313,20
341,359,10
341,43,30
341,336,100
341,3,10
342,243,40
342,19,80
342,270,40
342,136,50
342,46,1200
342,52,30
342,161,10
342,300,40
342,237,10
342,246,60
342,242,10
342,238,40
342,2,3910
342,17,240
342,266,10
342,357,1640
342,294,60
342,276,70
342,152,40
342,179,20
343,239,2270
343,169,10
343,187,20
343,90,20
343,320,140
343,235,40
343,12,10
343,100,70
343,143,30
343,40,30
343,117,20
343,9,2030
343,126,60
344,208,10
344,231,20
344,252,30
344,332,6650
344,301,30
344,201,90
344,209,70
344,263,10
344,312,10
344,222,10
344,37,60
344,245,140
344,322,80
344,236,10
344,33,60
344,53,20
344,49,10
344,290,7190
344,58,20
344,133,30
344,150,30
344,210,20
344,216,60
344,35,20
344,333,6130
344,128,140
344,119,20
344,274,50
344,121,6890
344,349,120
344,265,10
345,44,950
345,291,10
345,323,10
345,317,10
345,307,470
345,336,1120
345,260,40
345,250,380
345,40,400
345,158,50
346,170,2550
346,262,50
346,352,140
346,360,7310
346,71,10
346,248,10
346,247,20
346,101,10
346,272,20
346,78,40
346,137,30
346,60,40
346,55,6670
346,180,6700
347,185,210
347,26,30
347,291,30
347,301,40
347,75,10
347,212,30
348,266,40
348,212,580
348,206,850
348,250,30
348,341,10
348,43,20
348,40,30
348,336,10
348,34,10
348,219,20
348,326,30
348,291,10
349,272,80
349,241,10
349,22,210
349,89,110
349,208,10
349,109,10
349,210,130
349,28,20
349,201,70
349,333,70
349,301,180
349,203,10
349,121,40
349,351,60
349,263,10
349,252,40
349,289,20
349,35,130
349,33,70
349,30,10
349,235,20
349,290,170
349,231,640
349,150,10
349,128,140
349,49,20
349,171,10
349,229,20
349,332,290
349,265,20
349,53,110
349,163,10
349,344,120
349,312,80
349,274,10
349,234,50
349,222,10
350,81,9210
350,99,1970
350,91,10
350,277,20
350,10,8650
350,305,30
350,119,10
350,334,20
350,284,90
350,5,90
350,115,10
350,85,110
350,274,10
350,230,100
350,155,10
350,311,20
350,222,50
350,190,50
351,349,60
351,277,10
351,231,10
351,229,1200
351,208,10
351,89,3190
351,308,10
351,305,10
351,320,150
351,14,1650
351,37,20
352,286,10
352,172,30
352,180,130
352,78,40
352,116,30
352,160,10
352,154,30
352,55,70
352,87,10
352,53,10
352,249,10
352,346,140
352,259,40
352,4,30
352,330,10
352,360,140
353,175,10
353,179,40
353,52,240
353,106,10
353,315,10
353,29,10
353,7,10
353,207,10
353,206,10
353,270,200
353,269,10
353,276,220
354,119,10
354,167,260
354,240,10
354,218,310
354,311,30
354,98,210
354,109,10
354,115,30
354,274,20
354,328,10
354,334,230
355,177,10
355,217,660
355,195,10
355,25,40
355,232,940
355,246,20
355,88,20
355,83,1590
355,76,10
355,161,50
355,304,20
355,143,60
355,152,20
355,302,1580
356,221,30
356,13,30
356,331,5700
356,16,10
356,6,10
356,124,50
356,133,930
356,168,4400
356,194,10
356,219,40
356,259,10
356,281,10
356,316,10
356,86,10
356,68,5280
357,270,220
357,178,10
357,276,520
357,342,1640
357,69,30
357,108,10
357,52,540
357,95,40
357,96,50
357,163,20
357,115,10
357,294,50
357,179,20
357,186,70
357,175,50
357,176,10
357,237,30
357,46,2070
357,42,20
357,324,10
357,329,10
357,2,1310
358,275,10
358,247,870
358,108,10
358,48,3130
358,308,960
358,267,3250
358,330,30
358,259,10
359,18,10
359,34,10
359,325,20
359,317,40
359,62,40
359,94,190
359,307,10
359,228,20
359,202,40
359,140,10
359,297,20
359,250,20
359,336,180
359,341,10
359,257,10
359,339,160
359,271,220
359,182,70
359,196,120
359,8,10
360,286,30
360,248,10
360,160,10
360,352,140
360,346,7310
360,272,20
360,247,20
360,180,6800
360,78,100
360,60,30
360,170,1900
360,137,10
360,55,5900
361,249,10
361,232,40
361,60,4220
361,83,40
361,97,9200
361,123,10310
361,302,40
361,160,900
361,217,10
361,198,11360
361,247,10
361,31,12380
